<?xml version="1.0" encoding="utf-8"?>
<component size="150,226">
  <displayList>
    <image id="n0_pwd9" name="n0" src="pfs96t" fileName="img/ipad/codeCard/换成造型-子框.png" xy="0,8" size="150,218">
      <relation target="" sidePair="width-width,height-height"/>
    </image>
    <list id="n1_pwd9" name="list" xy="0,23" size="150,203" overflow="scroll" defaultItem="ui://qpom98pgpwd96n" align="center" autoClearItems="true">
      <relation target="" sidePair="width-width"/>
      <item/>
      <item/>
      <item/>
      <item/>
      <item/>
      <item/>
      <item/>
    </list>
  </displayList>
  <relation target="n1_pwd9" sidePair="height-height"/>
</component>