<?xml version="1.0" encoding="utf-8"?>
<component size="103,41" extention="ComboBox">
  <controller name="button" pages="0,up,1,down,2,over,3,selectedOver" selected="0"/>
  <displayList>
    <image id="n4_pfs9" name="n4" src="pfs96u" fileName="img/ipad/codeCard/换成造型2.png" xy="0,0"/>
    <text id="n3_pwd9" name="title" xy="0,0" size="83,41" fontSize="22" color="#ffffff" align="center" vAlign="middle" autoSize="none" singleLine="true" text="">
      <relation target="" sidePair="width-width,height-height"/>
    </text>
  </displayList>
  <ComboBox dropdown="ui://qpom98pgpwd96o"/>
</component>