<?xml version="1.0" encoding="utf-8"?>
<component size="150,30" extention="Button">
  <controller name="button" pages="0,up,1,down,2,over,3,selectedOver" selected="2"/>
  <displayList>
    <graph id="n2_pwd9" name="n2" xy="0,0" size="150,30" alpha="0.25" type="rect" lineSize="0" fillColor="#ff000000">
      <gearDisplay controller="button" pages="1,2"/>
    </graph>
    <image id="n0_pwd9" name="gou" src="pwd96m" fileName="img/ipad/codeCard/换成造型-子框对号.png" xy="15,11">
      <gearDisplay controller="button" pages="1,2"/>
      <relation target="" sidePair="width-width,height-height"/>
    </image>
    <text id="n1_pwd9" name="title" xy="0,0" size="150,30" fontSize="22" color="#ffffff" align="center" vAlign="middle" autoSize="none" singleLine="true" autoClearText="true" text="123">
      <relation target="" sidePair="width-width,height-height"/>
    </text>
  </displayList>
  <Button mode="Radio"/>
</component>