<?xml version="1.0" encoding="utf-8"?>
<component size="251,258">
  <displayList>
    <list id="n0_i0wg" name="n0" xy="45,44" size="160,212" overflow="scroll" scrollBarFlags="416" scrollBar="hidden" lineGap="33" autoItemSize="false" align="center" autoClearItems="true">
      <item url="ui://qpom98pgqqbou"/>
      <item url="ui://qpom98pgqqbou"/>
      <item url="ui://qpom98pgqqbou"/>
      <item url="ui://qpom98pgqqbou"/>
      <item url="ui://qpom98pgqqbou"/>
    </list>
    <image id="n2_phjl" name="n2" src="phjl5b" fileName="img/ipad/codeCard/运动.png" xy="5,17"/>
  </displayList>
</component>