<?xml version="1.0" encoding="utf-8"?>
<component size="145,58" pivot="0.5,0.5">
  <displayList>
    <image id="n1_qqbo" name="shadow" src="qqboi" fileName="img/ipad/codeCard/移动阴影.png" xy="0,0" size="145,68">
      <relation target="" sidePair="width-width"/>
    </image>
    <image id="n0_qqbo" name="n0" src="ue1u5d" fileName="img/ipad/codeCard/移动代码.png" xy="0,0" size="145,68">
      <relation target="" sidePair="width-width"/>
    </image>
    <text id="n3_qqbo" name="inputText" xy="61,16" size="39,29" input="true" maxLength="3" keyboardType="4" fontSize="22" align="center" vAlign="middle" autoSize="none" text="10">
      <relation target="" sidePair="left-left,middle-middle"/>
    </text>
  </displayList>
  <relation target="n3_qqbo" sidePair="width-width"/>
</component>