<?xml version="1.0" encoding="utf-8"?>
<component size="172,58" pivot="0.5,0.5">
  <displayList>
    <image id="n3_9xcw" name="shadow" src="9xcw5m" fileName="img/ipad/codeCard/将大小增加阴影.png" xy="0,0">
      <relation target="" sidePair="width-width"/>
    </image>
    <image id="n2_9xcw" name="n2" src="9xcw5g" fileName="img/ipad/codeCard/将大小增加.png" xy="0,0">
      <relation target="" sidePair="width-width"/>
    </image>
    <text id="n4_9xcw" name="inputText" xy="119,15" size="39,29" input="true" fontSize="22" align="center" vAlign="middle" autoSize="none" text="10">
      <relation target="" sidePair="left-left,middle-middle"/>
    </text>
  </displayList>
  <relation target="n4_9xcw" sidePair="width-width"/>
</component>