<?xml version="1.0" encoding="utf-8"?>
<component size="183,58" pivot="0.5,0.5">
  <displayList>
    <image id="n3_9xcw" name="shadow" src="9xcw5n" fileName="img/ipad/codeCard/将大小设为阴影.png" xy="0,0">
      <relation target="" sidePair="width-width"/>
    </image>
    <image id="n2_9xcw" name="n2" src="9xcw5h" fileName="img/ipad/codeCard/将大小设为.png" xy="0,0">
      <relation target="" sidePair="width-width"/>
    </image>
    <text id="n4_9xcw" name="inputText" xy="121,15" size="46,29" input="true" fontSize="22" align="center" vAlign="middle" autoSize="none" text="100">
      <relation target="" sidePair="left-left,middle-middle"/>
    </text>
  </displayList>
  <relation target="n4_9xcw" sidePair="width-width"/>
</component>