<?xml version="1.0" encoding="utf-8"?>
<component size="145,58" restrictSize="145,0,0,0">
  <displayList>
    <image id="n1_qqbo" name="shadow" src="qqboe" fileName="img/ipad/codeCard/等待阴影.png" xy="0,0" size="145,68">
      <relation target="" sidePair="width-width"/>
    </image>
    <image id="n0_qqbo" name="n0" src="qqbod" fileName="img/ipad/codeCard/等待代码.png" xy="0,0" size="145,68">
      <relation target="" sidePair="width-width"/>
    </image>
    <text id="n3_qqbo" name="inputText" xy="61,16" size="39,29" input="true" fontSize="22" align="center" vAlign="middle" autoSize="none" text="1">
      <relation target="" sidePair="left-left,middle-middle"/>
    </text>
  </displayList>
  <relation target="n3_qqbo" sidePair="width-width"/>
</component>