{
	"atlasSetting":{
		"paging":true,
		"sizeOption":"pot"
	},
	"binaryFormat":true,
	"codeGeneration":{
		"classNamePrefix":"",
		"codePath":"E:\\公司svn\\scratch2\\V1\\frontEnd\\dev\\student\\src\\platform\\interactive\\simulatorDemo\\demo3\\demo3_project_4\\src\\game\\fui",
		"codeType":"",
		"getMemberByName":false,
		"ignoreNoname":false,
		"memberNamePrefix":"",
		"packageName":"fui"
	},
	"compressDesc":true,
	"fileExtension":"fui",
	"packageCount":2,
	"path":"E:\\公司svn\\scratch2\\V1\\frontEnd\\dev\\student\\src\\platform\\interactive\\simulatorDemo\\demo3\\demo3_project_4\\resource\\assets\\fui"
}