<?xml version="1.0" encoding="utf-8"?>
<component size="78,77">
  <controller name="selected" pages="0,,1," selected="0"/>
  <displayList>
    <graph id="n0_kjkg" name="bg1" xy="0,0" size="78,77" type="rect" lineSize="0" lineColor="#fffefefe" fillColor="#fffefefe">
      <gearDisplay controller="selected" pages="0"/>
      <relation target="" sidePair="width-width,height-height"/>
    </graph>
    <graph id="n1_kjkg" name="bg2" xy="0,0" size="78,77" type="rect" lineSize="0" lineColor="#ffcccccc" fillColor="#ffd5ecff">
      <gearDisplay controller="selected" pages="1"/>
      <relation target="" sidePair="width-width,height-height"/>
    </graph>
    <image id="n4_ytnr" name="n4" src="ytnr52" fileName="img/素材/按钮/控制.png" xy="16,5">
      <relation target="" sidePair="center-center"/>
    </image>
  </displayList>
</component>