<?xml version="1.0" encoding="utf-8"?>
<component size="907,828">
  <displayList>
    <image id="n14_pwd9" name="n14" src="pwd95w" fileName="img/ipad/代码内框.png" xy="0,0"/>
    <component id="n4_pw8q" name="cardMotionBtn" src="kjkgz" fileName="com/cardMotionBtn.xml" xy="20,33" size="78,77" group="n12_i0wg"/>
    <component id="n5_pw8q" name="cardEventBtn" src="kjkg12" fileName="com/cardEventBtn.xml" xy="20,110" size="78,77" group="n12_i0wg"/>
    <component id="n6_pw8q" name="cardControlBtn" src="kjkg13" fileName="com/cardControlBtn.xml" xy="20,187" size="78,77" group="n12_i0wg"/>
    <list id="n1_ulvm" name="cardList" xy="99,19" size="251,782" group="n12_i0wg" overflow="scroll" scrollBarFlags="130" lineGap="30" autoItemSize="false" align="center" renderOrder="descent">
      <item url="ui://qpom98pgi0wg4x"/>
      <item url="ui://qpom98pgi0wg4z"/>
      <item url="ui://qpom98pgi0wg4y"/>
      <item url="ui://qpom98pg9xcw5l"/>
    </list>
    <component id="n13_9xcw" name="cardStyleBtn" src="9xcw5k" fileName="com/cardStyleBtn.xml" xy="20,264" size="78,77" group="n12_i0wg"/>
    <group id="n12_i0wg" name="n12" xy="20,19" size="330,782" advanced="true"/>
    <graph id="n15_sm38" name="n15" xy="950,17" size="329,785" group="n17_sm38" alpha="0.55" type="rect" lineSize="0" fillColor="#ff000000"/>
    <image id="n16_sm38" name="n16" src="i0wg4w" fileName="img/ipad/deleteIcon.png" xy="1078,366" size="80,88" group="n17_sm38">
      <relation target="n15_sm38" sidePair="center-center,middle-middle"/>
    </image>
    <group id="n17_sm38" name="laji" xy="950,17" size="329,785" advanced="true"/>
    <component id="n2_ulvm" name="drawPanel" src="amv3v" fileName="com/drawPanel.xml" xy="352,17" size="554,784"/>
  </displayList>
</component>