<?xml version="1.0" encoding="utf-8"?>
<component size="990,1030">
  <controller name="centerPageState" pages="0,,1," selected="0">
    <action type="change_page" fromPage="" toPage="0" objectId="n17_pwd9" controller="topState" targetPage="0"/>
    <action type="change_page" fromPage="" toPage="0" objectId="n14_pwd9" controller="pageState" targetPage="0"/>
    <action type="change_page" fromPage="" toPage="1" objectId="n17_pwd9" controller="topState" targetPage="1"/>
    <action type="change_page" fromPage="" toPage="1" objectId="n14_pwd9" controller="pageState" targetPage="1"/>
  </controller>
  <displayList>
    <image id="n7_i0wg" name="bg" src="pwd95v" fileName="img/ipad/平板(1).png" xy="0,0"/>
    <component id="n17_pwd9" name="topBtn" src="pwd96f" fileName="com/pageBtn.xml" xy="90,75" controller="topState,0"/>
    <component id="n14_pwd9" name="centerBox" src="pwd96g" fileName="com/ipadCenterPage.xml" xy="78,125" controller="pageState,0"/>
    <component id="n8_i0wg" name="playBtn" src="qqbop" fileName="com/playBtn.xml" xy="573,18">
      <relation target="" sidePair="top-top,center-center"/>
    </component>
  </displayList>
</component>