<?xml version="1.0" encoding="utf-8"?>
<component size="907,828">
  <controller name="pageState" exported="true" pages="0,,1," selected="0"/>
  <displayList>
    <component id="n0_pwd9" name="codeBox" src="pwd95z" fileName="com/codeBox.xml" xy="0,0">
      <gearDisplay controller="pageState" pages="0"/>
    </component>
    <component id="n1_pwd9" name="modelBox" src="pwd960" fileName="com/modelBox.xml" xy="0,0">
      <gearDisplay controller="pageState" pages="1"/>
    </component>
  </displayList>
</component>