<?xml version="1.0" encoding="utf-8"?>
<component size="118,58">
  <controller name="selected" exported="true" pages="0,,1," selected="0"/>
  <displayList>
    <image id="n16_pwd9" name="n16" src="pwd95t" fileName="img/ipad/按钮/造型图标1.png" xy="0,0">
      <gearDisplay controller="selected" pages="0"/>
    </image>
    <image id="n17_pwd9" name="n17" src="pwd95u" fileName="img/ipad/按钮/造型图标2.png" xy="0,8">
      <gearDisplay controller="selected" pages="1"/>
    </image>
  </displayList>
</component>