<?xml version="1.0" encoding="utf-8"?>
<component size="907,828">
  <displayList>
    <image id="n15_pwd9" name="n15" src="pwd95x" fileName="img/ipad/造型内框.png" xy="1,-1"/>
    <loader id="n16_pwd9" name="showImg" xy="351,143" size="438,282" align="center" vAlign="middle" fill="scale"/>
    <list id="n17_pwd9" name="imgCardList" xy="22,27" size="200,772" overflow="scroll" lineGap="20" autoItemSize="false" align="center">
      <item url="ui://qpom98pgpwd96a" controllers="selected,0"/>
      <item url="ui://qpom98pgpwd96b"/>
      <item url="ui://qpom98pgpwd96c"/>
    </list>
  </displayList>
</component>