<?xml version="1.0" encoding="utf-8"?>
<component size="226,58">
  <controller name="topState" exported="true" pages="0,code,1,model" selected="1">
    <action type="change_page" fromPage="" toPage="0" objectId="n16_pwd9" controller="selected" targetPage="0"/>
    <action type="change_page" fromPage="" toPage="0" objectId="n17_pwd9" controller="selected" targetPage="1"/>
    <action type="change_page" fromPage="" toPage="1" objectId="n16_pwd9" controller="selected" targetPage="1"/>
    <action type="change_page" fromPage="" toPage="1" objectId="n17_pwd9" controller="selected" targetPage="0"/>
  </controller>
  <displayList>
    <component id="n16_pwd9" name="codeBtn" src="pwd96d" fileName="com/codePageBtn.xml" xy="0,0" controller="selected,1"/>
    <component id="n17_pwd9" name="modelBtn" src="pwd96e" fileName="com/modelPageBtn.xml" xy="110,0" controller="selected,0"/>
  </displayList>
</component>