<?xml version="1.0" encoding="utf-8"?>
<component size="223,75" pivot="0.5,0.5" extention="Button">
  <controller name="button" pages="0,up,1,down,2,over,3,selectedOver" selected="0"/>
  <controller name="start" pages="0,ready,1,runing" selected="0"/>
  <displayList>
    <image id="n0_qqbo" name="n0" src="ytnr56" fileName="img/素材/绿旗(1).png" xy="111,37" pivot="0.5,0.5" anchor="true">
      <relation target="" sidePair="width-width,height-height"/>
    </image>
  </displayList>
  <Button downEffect="scale" downEffectValue="0.90"/>
</component>