<?xml version="1.0" encoding="utf-8"?>
<component size="1920,1080">
  <displayList>
    <image id="n0_d4lh" name="n0" src="d4lh8" fileName="img/背景.png" xy="0,0">
      <relation target="" sidePair="width-width,height-height,bottom-bottom"/>
    </image>
    <component id="n1_d4lh" name="pack1" src="wcluh" fileName="com/pack.xml" xy="200,811" pivot="0.5,0.5" anchor="true" group="n8_d4lh"/>
    <component id="n2_d4lh" name="pack2" src="wcluh" fileName="com/pack.xml" xy="520,811" pivot="0.5,0.5" anchor="true" group="n8_d4lh"/>
    <component id="n3_d4lh" name="pack3" src="wcluh" fileName="com/pack.xml" xy="840,811" pivot="0.5,0.5" anchor="true" group="n8_d4lh"/>
    <group id="n8_d4lh" name="n8" xy="125,779" size="789,63" advanced="true">
      <relation target="" sidePair="left-left,bottom-bottom"/>
    </group>
    <component id="n6_d4lh" name="stand1" src="lmb2b" fileName="com/stand1.xml" xy="79,401" group="n9_d4lh"/>
    <component id="n4_d4lh" name="stand3" src="lmb2c" fileName="com/stand3.xml" xy="646,317" group="n9_d4lh"/>
    <component id="n5_d4lh" name="stand2" src="lmb2d" fileName="com/stand2.xml" xy="343,350" group="n9_d4lh"/>
    <group id="n9_d4lh" name="n9" xy="79,317" size="854,310" advanced="true">
      <relation target="" sidePair="left-left,bottom-bottom"/>
    </group>
    <component id="n7_d4lh" name="car" src="d4lha" fileName="com/car.xml" xy="200,812" pivot="0.5,1" anchor="true" scale="0.4,0.4">
      <relation target="" sidePair="left-left,bottom-bottom"/>
    </component>
  </displayList>
</component>