{
	"backgroundColor": 6710886,
	"doc.openedDocs": [
		"ui://qpom98pgulvm14",
		"ui://qpom98pgpwd96k",
		"ui://qpom98pgpwd96h",
		"ui://qpom98pg9xcw5i",
		"ui://qpom98pg9xcw5j",
		"ui://qpom98pgqqbos",
		"ui://qpom98pgqqbot",
		"ui://qpom98pgqqbou"
	],
	"expanded_nodes": [
		"qbkkjtbc",
		"/",
		"qpom98pg",
		"/"
	],
	"libview.expandedNodes": [
		"qbkkjtbc",
		"/",
		"qbkkjtbc",
		"/scene/",
		"qpom98pg",
		"/",
		"qpom98pg",
		"/com/",
		"qpom98pg",
		"/com/card/",
		"qpom98pg",
		"/img/",
		"qpom98pg",
		"/img/ipad/",
		"qpom98pg",
		"/img/scene/",
		"qpom98pg",
		"/img/scene/ruler/"
	],
	"libview.currentGroup": "",
	"hidden_packages": [],
	"auxline1": true,
	"canvasColor": 10066329,
	"libview.firstColumnWidth": 283,
	"auxline2": true,
	"doc.activeDoc": "ui://qpom98pgqqbos",
	"libview.twoColumn": false
}