<?xml version="1.0" encoding="utf-8"?>
<component size="377,138" pivot="0.5,0.5" extention="Button">
  <controller name="button" pages="0,up,1,down,2,over,3,selectedOver" selected="0"/>
  <displayList>
    <image id="n0_qmnj" name="n0" src="qmnj23" fileName="img/跳过练习.png" xy="188,69" pivot="0.5,0.5" anchor="true">
      <gearSize controller="button" pages="2" values="377,138,1.1,1.1" default="377,138,1,1"/>
      <relation target="" sidePair="width-width,height-height"/>
    </image>
  </displayList>
  <Button downEffect="dark" downEffectValue="0.80"/>
</component>