<?xml version="1.0" encoding="utf-8"?>
<component size="1920,1080">
  <displayList>
    <image id="n15_pwd9" name="n15" src="pwd920" fileName="img/背景.jpg" xy="0,0">
      <relation target="" sidePair="width-width,height-height"/>
    </image>
    <component id="n16_pwd9" name="car" src="pwd922" fileName="com/car.xml" xy="198,218">
      <relation target="" sidePair="left-left,bottom-bottom"/>
    </component>
    <component id="n19_qmnj" name="skipBtn" src="qmnj24" fileName="com/skipBtn.xml" xy="1523,924" visible="false">
      <relation target="" sidePair="right-right,bottom-bottom"/>
    </component>
  </displayList>
  <transition name="t0"/>
</component>