{
	"backgroundColor": 6710886,
	"doc.openedDocs": [
		"ui://c452qla7d4lh9",
		"ui://c452qla7lmb2b",
		"ui://c452qla7lmb2d",
		"ui://c452qla7lmb2c",
		"ui://c452qla7d4lha"
	],
	"libview.firstColumnWidth": 283,
	"auxline2": true,
	"libview.expandedNodes": [
		"c452qla7",
		"/",
		"c452qla7",
		"/com/",
		"c452qla7",
		"/img/",
		"c452qla7",
		"/scene/"
	],
	"doc.activeDoc": "ui://c452qla7d4lh9",
	"libview.currentGroup": "",
	"canvasColor": 10066329,
	"libview.twoColumn": false,
	"auxline1": true
}